orden,proveedor,fecha_pedido,fecha_prometida,fecha_recibida,dias_retraso,a_tiempo,monto
OC5001,Café Selva Central SAC,2025-01-16,2025-01-21,2025-01-21,0,Sí,10559.96
OC5002,Café Selva Central SAC,2025-01-17,2025-01-22,2025-01-22,0,Sí,6318.24
OC5003,Café Selva Central SAC,2025-01-18,2025-01-23,2025-01-23,0,Sí,13203.37
OC5004,Agroandina del Sur SAC,2025-01-23,2025-01-29,2025-01-29,0,Sí,11146.17
OC5005,Agroandina del Sur SAC,2025-01-16,2025-01-22,2025-01-22,0,Sí,4185.82
OC5006,Agroandina del Sur SAC,2025-01-24,2025-01-30,2025-01-30,0,Sí,14186.06
OC5007,Agroandina del Sur SAC,2025-01-25,2025-01-31,2025-01-31,0,Sí,9316.52
OC5008,Molinos Valle Verde SA,2025-01-10,2025-01-13,2025-01-13,0,Sí,8769.24
OC5009,Molinos Valle Verde SA,2025-01-10,2025-01-13,2025-01-13,0,Sí,7222.79
OC5010,Molinos Valle Verde SA,2025-01-16,2025-01-19,2025-01-19,0,Sí,10076.56
OC5011,Molinos Valle Verde SA,2025-01-20,2025-01-23,2025-01-23,0,Sí,4497.32
OC5012,Bebidas Norte Pacífico SAC,2025-01-08,2025-01-12,2025-01-22,10,No,14161.98
OC5013,Bebidas Norte Pacífico SAC,2025-01-01,2025-01-05,2025-01-17,12,No,5459.02
OC5014,Bebidas Norte Pacífico SAC,2025-01-26,2025-01-30,2025-01-30,0,Sí,10116.87
OC5015,Snacks Costa Azul EIRL,2025-01-26,2025-01-29,2025-01-29,0,Sí,5099.8
OC5016,Snacks Costa Azul EIRL,2025-01-03,2025-01-06,2025-01-06,0,Sí,11653.71
OC5017,Snacks Costa Azul EIRL,2025-01-23,2025-01-26,2025-01-26,0,Sí,13826.42
OC5018,Snacks Costa Azul EIRL,2025-01-14,2025-01-17,2025-01-17,0,Sí,5674.55
OC5019,Snacks Costa Azul EIRL,2025-01-18,2025-01-21,2025-01-21,0,Sí,5436.96
OC5020,Limpieza Total Perú SAC,2025-01-01,2025-01-05,2025-01-05,0,Sí,11942.61
OC5021,Limpieza Total Perú SAC,2025-01-25,2025-01-29,2025-01-29,0,Sí,10500.04
OC5022,Limpieza Total Perú SAC,2025-01-02,2025-01-06,2025-01-06,0,Sí,7885.38
OC5023,Limpieza Total Perú SAC,2025-01-15,2025-01-19,2025-01-19,0,Sí,7486.32
OC5024,Café Selva Central SAC,2025-02-24,2025-03-01,2025-03-01,0,Sí,11582.03
OC5025,Café Selva Central SAC,2025-02-06,2025-02-11,2025-02-11,0,Sí,4511.48
OC5026,Café Selva Central SAC,2025-02-22,2025-02-27,2025-02-27,0,Sí,12506.44
OC5027,Agroandina del Sur SAC,2025-02-20,2025-02-26,2025-02-26,0,Sí,6729.27
OC5028,Agroandina del Sur SAC,2025-02-22,2025-02-28,2025-02-28,0,Sí,8985.57
OC5029,Agroandina del Sur SAC,2025-02-10,2025-02-16,2025-02-16,0,Sí,12745.99
OC5030,Agroandina del Sur SAC,2025-02-17,2025-02-23,2025-02-23,0,Sí,12499.57
OC5031,Molinos Valle Verde SA,2025-02-25,2025-02-28,2025-02-28,0,Sí,4573.44
OC5032,Molinos Valle Verde SA,2025-02-08,2025-02-11,2025-02-11,0,Sí,3726.43
OC5033,Molinos Valle Verde SA,2025-02-02,2025-02-05,2025-02-05,0,Sí,9455.69
OC5034,Molinos Valle Verde SA,2025-02-25,2025-02-28,2025-02-28,0,Sí,10871.42
OC5035,Molinos Valle Verde SA,2025-02-04,2025-02-07,2025-02-07,0,Sí,5537.15
OC5036,Bebidas Norte Pacífico SAC,2025-02-23,2025-02-27,2025-02-27,0,Sí,6897.3
OC5037,Bebidas Norte Pacífico SAC,2025-02-13,2025-02-17,2025-02-25,8,No,11003.28
OC5038,Bebidas Norte Pacífico SAC,2025-02-07,2025-02-11,2025-02-11,0,Sí,5206.67
OC5039,Bebidas Norte Pacífico SAC,2025-02-08,2025-02-12,2025-02-22,10,No,5947.35
OC5040,Snacks Costa Azul EIRL,2025-02-07,2025-02-10,2025-02-10,0,Sí,10279.3
OC5041,Snacks Costa Azul EIRL,2025-02-01,2025-02-04,2025-02-04,0,Sí,4675.33
OC5042,Snacks Costa Azul EIRL,2025-02-26,2025-03-01,2025-03-01,0,Sí,3816.46
OC5043,Limpieza Total Perú SAC,2025-02-09,2025-02-13,2025-02-13,0,Sí,4498.03
OC5044,Limpieza Total Perú SAC,2025-02-10,2025-02-14,2025-02-14,0,Sí,11703.89
OC5045,Limpieza Total Perú SAC,2025-02-13,2025-02-17,2025-02-17,0,Sí,9095.68
OC5046,Café Selva Central SAC,2025-03-01,2025-03-06,2025-03-06,0,Sí,9948.46
OC5047,Café Selva Central SAC,2025-03-14,2025-03-19,2025-03-19,0,Sí,11702.34
OC5048,Café Selva Central SAC,2025-03-09,2025-03-14,2025-03-14,0,Sí,9876.36
OC5049,Agroandina del Sur SAC,2025-03-12,2025-03-18,2025-03-18,0,Sí,14503.48
OC5050,Agroandina del Sur SAC,2025-03-07,2025-03-13,2025-03-14,1,No,12932.2
OC5051,Agroandina del Sur SAC,2025-03-18,2025-03-24,2025-03-24,0,Sí,10917.83
OC5052,Agroandina del Sur SAC,2025-03-07,2025-03-13,2025-03-13,0,Sí,8625.77
OC5053,Agroandina del Sur SAC,2025-03-20,2025-03-26,2025-03-26,0,Sí,10751.24
OC5054,Molinos Valle Verde SA,2025-03-24,2025-03-27,2025-03-27,0,Sí,5515.74
OC5055,Molinos Valle Verde SA,2025-03-18,2025-03-21,2025-03-21,0,Sí,10400.73
OC5056,Molinos Valle Verde SA,2025-03-08,2025-03-11,2025-03-11,0,Sí,13435.39
OC5057,Molinos Valle Verde SA,2025-03-01,2025-03-04,2025-03-04,0,Sí,5902.87
OC5058,Bebidas Norte Pacífico SAC,2025-03-17,2025-03-21,2025-03-28,7,No,11045.51
OC5059,Bebidas Norte Pacífico SAC,2025-03-17,2025-03-21,2025-03-21,0,Sí,13581.01
OC5060,Bebidas Norte Pacífico SAC,2025-03-09,2025-03-13,2025-03-21,8,No,5335.46
OC5061,Bebidas Norte Pacífico SAC,2025-03-19,2025-03-23,2025-04-01,9,No,7691.18
OC5062,Snacks Costa Azul EIRL,2025-03-23,2025-03-26,2025-03-26,0,Sí,12689.37
OC5063,Snacks Costa Azul EIRL,2025-03-11,2025-03-14,2025-03-17,3,No,4802.07
OC5064,Snacks Costa Azul EIRL,2025-03-20,2025-03-23,2025-03-24,1,No,7166.24
OC5065,Limpieza Total Perú SAC,2025-03-26,2025-03-30,2025-03-30,0,Sí,7899.39
OC5066,Limpieza Total Perú SAC,2025-03-01,2025-03-05,2025-03-06,1,No,10434.29
OC5067,Limpieza Total Perú SAC,2025-03-11,2025-03-15,2025-03-15,0,Sí,4170.55
OC5068,Limpieza Total Perú SAC,2025-03-17,2025-03-21,2025-03-21,0,Sí,3968.64
OC5069,Café Selva Central SAC,2025-04-06,2025-04-11,2025-04-11,0,Sí,5643.59
OC5070,Café Selva Central SAC,2025-04-23,2025-04-28,2025-04-28,0,Sí,4969.22
OC5071,Café Selva Central SAC,2025-04-04,2025-04-09,2025-04-09,0,Sí,8090.03
OC5072,Agroandina del Sur SAC,2025-04-25,2025-05-01,2025-05-02,1,No,14032.67
OC5073,Agroandina del Sur SAC,2025-04-01,2025-04-07,2025-04-07,0,Sí,12337.21
OC5074,Agroandina del Sur SAC,2025-04-23,2025-04-29,2025-04-29,0,Sí,7133.04
OC5075,Molinos Valle Verde SA,2025-04-26,2025-04-29,2025-04-29,0,Sí,8539.65
OC5076,Molinos Valle Verde SA,2025-04-09,2025-04-12,2025-04-12,0,Sí,9278.88
OC5077,Molinos Valle Verde SA,2025-04-10,2025-04-13,2025-04-13,0,Sí,5441.84
OC5078,Molinos Valle Verde SA,2025-04-25,2025-04-28,2025-04-28,0,Sí,13901.34
OC5079,Molinos Valle Verde SA,2025-04-17,2025-04-20,2025-04-20,0,Sí,10163.5
OC5080,Bebidas Norte Pacífico SAC,2025-04-22,2025-04-26,2025-05-07,11,No,9143.91
OC5081,Bebidas Norte Pacífico SAC,2025-04-15,2025-04-19,2025-04-30,11,No,11658.75
OC5082,Bebidas Norte Pacífico SAC,2025-04-11,2025-04-15,2025-04-15,0,Sí,6758.99
OC5083,Snacks Costa Azul EIRL,2025-04-24,2025-04-27,2025-04-28,1,No,5604.6
OC5084,Snacks Costa Azul EIRL,2025-04-13,2025-04-16,2025-04-16,0,Sí,12076.62
OC5085,Snacks Costa Azul EIRL,2025-04-01,2025-04-04,2025-04-04,0,Sí,13546.15
OC5086,Snacks Costa Azul EIRL,2025-04-16,2025-04-19,2025-04-19,0,Sí,12688.63
OC5087,Limpieza Total Perú SAC,2025-04-01,2025-04-05,2025-04-05,0,Sí,12019.54
OC5088,Limpieza Total Perú SAC,2025-04-07,2025-04-11,2025-04-11,0,Sí,7298.06
OC5089,Limpieza Total Perú SAC,2025-04-23,2025-04-27,2025-04-27,0,Sí,10663.74
OC5090,Limpieza Total Perú SAC,2025-04-21,2025-04-25,2025-04-25,0,Sí,8828.97
OC5091,Café Selva Central SAC,2025-05-14,2025-05-19,2025-05-19,0,Sí,12333.95
OC5092,Café Selva Central SAC,2025-05-24,2025-05-29,2025-05-29,0,Sí,12129.41
OC5093,Café Selva Central SAC,2025-05-24,2025-05-29,2025-05-29,0,Sí,10551.48
OC5094,Café Selva Central SAC,2025-05-05,2025-05-10,2025-05-10,0,Sí,9649.71
OC5095,Café Selva Central SAC,2025-05-12,2025-05-17,2025-05-17,0,Sí,8410.2
OC5096,Agroandina del Sur SAC,2025-05-17,2025-05-23,2025-05-23,0,Sí,13152.29
OC5097,Agroandina del Sur SAC,2025-05-15,2025-05-21,2025-05-21,0,Sí,10252.28
OC5098,Agroandina del Sur SAC,2025-05-17,2025-05-23,2025-05-23,0,Sí,5301.06
OC5099,Agroandina del Sur SAC,2025-05-06,2025-05-12,2025-05-12,0,Sí,5722.45
OC5100,Molinos Valle Verde SA,2025-05-04,2025-05-07,2025-05-07,0,Sí,4611.05
OC5101,Molinos Valle Verde SA,2025-05-22,2025-05-25,2025-05-25,0,Sí,13141.37
OC5102,Molinos Valle Verde SA,2025-05-24,2025-05-27,2025-05-28,1,No,12364.54
OC5103,Molinos Valle Verde SA,2025-05-25,2025-05-28,2025-05-28,0,Sí,10153.33
OC5104,Molinos Valle Verde SA,2025-05-25,2025-05-28,2025-05-28,0,Sí,7311.47
OC5105,Bebidas Norte Pacífico SAC,2025-05-04,2025-05-08,2025-05-17,9,No,4800.48
OC5106,Bebidas Norte Pacífico SAC,2025-05-15,2025-05-19,2025-05-26,7,No,4839.77
OC5107,Bebidas Norte Pacífico SAC,2025-05-01,2025-05-05,2025-05-05,0,Sí,6770.42
OC5108,Snacks Costa Azul EIRL,2025-05-17,2025-05-20,2025-05-20,0,Sí,13748.52
OC5109,Snacks Costa Azul EIRL,2025-05-12,2025-05-15,2025-05-15,0,Sí,12313.07
OC5110,Snacks Costa Azul EIRL,2025-05-15,2025-05-18,2025-05-18,0,Sí,13042.25
OC5111,Limpieza Total Perú SAC,2025-05-18,2025-05-22,2025-05-22,0,Sí,11063.53
OC5112,Limpieza Total Perú SAC,2025-05-01,2025-05-05,2025-05-05,0,Sí,10286.76
OC5113,Limpieza Total Perú SAC,2025-05-13,2025-05-17,2025-05-17,0,Sí,8908.62
OC5114,Limpieza Total Perú SAC,2025-05-12,2025-05-16,2025-05-18,2,No,12535.91
OC5115,Limpieza Total Perú SAC,2025-05-10,2025-05-14,2025-05-14,0,Sí,15878.5
OC5116,Café Selva Central SAC,2025-06-03,2025-06-08,2025-06-08,0,Sí,11675.09
OC5117,Café Selva Central SAC,2025-06-15,2025-06-20,2025-06-20,0,Sí,4521.99
OC5118,Café Selva Central SAC,2025-06-12,2025-06-17,2025-06-17,0,Sí,8978.99
OC5119,Agroandina del Sur SAC,2025-06-13,2025-06-19,2025-06-19,0,Sí,15754.3
OC5120,Agroandina del Sur SAC,2025-06-23,2025-06-29,2025-06-29,0,Sí,14379.92
OC5121,Agroandina del Sur SAC,2025-06-12,2025-06-18,2025-06-18,0,Sí,9257.08
OC5122,Molinos Valle Verde SA,2025-06-19,2025-06-22,2025-06-22,0,Sí,7374.7
OC5123,Molinos Valle Verde SA,2025-06-04,2025-06-07,2025-06-07,0,Sí,8971.83
OC5124,Molinos Valle Verde SA,2025-06-04,2025-06-07,2025-06-07,0,Sí,13482.63
OC5125,Molinos Valle Verde SA,2025-06-15,2025-06-18,2025-06-18,0,Sí,5646.96
OC5126,Molinos Valle Verde SA,2025-06-25,2025-06-28,2025-06-28,0,Sí,6400.15
OC5127,Bebidas Norte Pacífico SAC,2025-06-10,2025-06-14,2025-06-22,8,No,9445.15
OC5128,Bebidas Norte Pacífico SAC,2025-06-16,2025-06-20,2025-06-27,7,No,9100.44
OC5129,Bebidas Norte Pacífico SAC,2025-06-24,2025-06-28,2025-06-28,0,Sí,10187.32
OC5130,Bebidas Norte Pacífico SAC,2025-06-15,2025-06-19,2025-06-25,6,No,4991.25
OC5131,Bebidas Norte Pacífico SAC,2025-06-14,2025-06-18,2025-06-18,0,Sí,7337.0
OC5132,Snacks Costa Azul EIRL,2025-06-22,2025-06-25,2025-06-25,0,Sí,14917.02
OC5133,Snacks Costa Azul EIRL,2025-06-20,2025-06-23,2025-06-23,0,Sí,7605.66
OC5134,Snacks Costa Azul EIRL,2025-06-18,2025-06-21,2025-06-21,0,Sí,10537.0
OC5135,Limpieza Total Perú SAC,2025-06-13,2025-06-17,2025-06-17,0,Sí,13549.69
OC5136,Limpieza Total Perú SAC,2025-06-19,2025-06-23,2025-06-23,0,Sí,10583.78
OC5137,Limpieza Total Perú SAC,2025-06-07,2025-06-11,2025-06-11,0,Sí,13850.55
OC5138,Limpieza Total Perú SAC,2025-06-21,2025-06-25,2025-06-25,0,Sí,9626.75
OC5139,Limpieza Total Perú SAC,2025-06-22,2025-06-26,2025-06-26,0,Sí,9710.16
OC5140,Café Selva Central SAC,2025-07-26,2025-07-31,2025-07-31,0,Sí,9101.6
OC5141,Café Selva Central SAC,2025-07-05,2025-07-10,2025-07-10,0,Sí,16161.58
OC5142,Café Selva Central SAC,2025-07-01,2025-07-06,2025-07-06,0,Sí,4919.69
OC5143,Agroandina del Sur SAC,2025-07-03,2025-07-09,2025-07-09,0,Sí,17276.44
OC5144,Agroandina del Sur SAC,2025-07-24,2025-07-30,2025-07-30,0,Sí,17017.08
OC5145,Agroandina del Sur SAC,2025-07-21,2025-07-27,2025-07-27,0,Sí,14481.52
OC5146,Agroandina del Sur SAC,2025-07-05,2025-07-11,2025-07-11,0,Sí,14323.8
OC5147,Agroandina del Sur SAC,2025-07-08,2025-07-14,2025-07-14,0,Sí,11641.76
OC5148,Molinos Valle Verde SA,2025-07-10,2025-07-13,2025-07-13,0,Sí,6549.06
OC5149,Molinos Valle Verde SA,2025-07-11,2025-07-14,2025-07-14,0,Sí,19389.58
OC5150,Molinos Valle Verde SA,2025-07-07,2025-07-10,2025-07-10,0,Sí,7612.34
OC5151,Molinos Valle Verde SA,2025-07-12,2025-07-15,2025-07-15,0,Sí,6929.49
OC5152,Molinos Valle Verde SA,2025-07-24,2025-07-27,2025-07-27,0,Sí,10576.7
OC5153,Bebidas Norte Pacífico SAC,2025-07-08,2025-07-12,2025-07-20,8,No,7550.41
OC5154,Bebidas Norte Pacífico SAC,2025-07-20,2025-07-24,2025-08-01,8,No,8897.33
OC5155,Bebidas Norte Pacífico SAC,2025-07-05,2025-07-09,2025-07-09,0,Sí,7931.37
OC5156,Bebidas Norte Pacífico SAC,2025-07-07,2025-07-11,2025-07-11,0,Sí,8981.5
OC5157,Snacks Costa Azul EIRL,2025-07-12,2025-07-15,2025-07-15,0,Sí,12710.87
OC5158,Snacks Costa Azul EIRL,2025-07-25,2025-07-28,2025-08-03,6,No,12935.93
OC5159,Snacks Costa Azul EIRL,2025-07-20,2025-07-23,2025-07-23,0,Sí,15973.68
OC5160,Snacks Costa Azul EIRL,2025-07-15,2025-07-18,2025-07-18,0,Sí,18322.48
OC5161,Snacks Costa Azul EIRL,2025-07-11,2025-07-14,2025-07-14,0,Sí,16020.82
OC5162,Limpieza Total Perú SAC,2025-07-05,2025-07-09,2025-07-09,0,Sí,14658.36
OC5163,Limpieza Total Perú SAC,2025-07-20,2025-07-24,2025-07-24,0,Sí,6194.09
OC5164,Limpieza Total Perú SAC,2025-07-19,2025-07-23,2025-07-23,0,Sí,19219.66
OC5165,Limpieza Total Perú SAC,2025-07-17,2025-07-21,2025-07-21,0,Sí,6703.49
OC5166,Café Selva Central SAC,2025-08-14,2025-08-19,2025-08-19,0,Sí,4666.11
OC5167,Café Selva Central SAC,2025-08-03,2025-08-08,2025-08-08,0,Sí,6252.98
OC5168,Café Selva Central SAC,2025-08-17,2025-08-22,2025-08-22,0,Sí,7788.99
OC5169,Agroandina del Sur SAC,2025-08-10,2025-08-16,2025-08-16,0,Sí,14650.98
OC5170,Agroandina del Sur SAC,2025-08-01,2025-08-07,2025-08-07,0,Sí,5733.91
OC5171,Agroandina del Sur SAC,2025-08-03,2025-08-09,2025-08-09,0,Sí,11970.68
OC5172,Molinos Valle Verde SA,2025-08-20,2025-08-23,2025-08-23,0,Sí,4802.8
OC5173,Molinos Valle Verde SA,2025-08-20,2025-08-23,2025-08-23,0,Sí,9070.2
OC5174,Molinos Valle Verde SA,2025-08-16,2025-08-19,2025-08-19,0,Sí,4945.95
OC5175,Bebidas Norte Pacífico SAC,2025-08-26,2025-08-30,2025-09-10,11,No,12128.61
OC5176,Bebidas Norte Pacífico SAC,2025-08-17,2025-08-21,2025-08-30,9,No,4349.99
OC5177,Bebidas Norte Pacífico SAC,2025-08-11,2025-08-15,2025-08-24,9,No,4236.04
OC5178,Bebidas Norte Pacífico SAC,2025-08-08,2025-08-12,2025-08-20,8,No,5536.9
OC5179,Bebidas Norte Pacífico SAC,2025-08-21,2025-08-25,2025-08-25,0,Sí,10566.49
OC5180,Snacks Costa Azul EIRL,2025-08-10,2025-08-13,2025-08-13,0,Sí,8756.08
OC5181,Snacks Costa Azul EIRL,2025-08-06,2025-08-09,2025-08-09,0,Sí,8466.32
OC5182,Snacks Costa Azul EIRL,2025-08-07,2025-08-10,2025-08-10,0,Sí,15062.44
OC5183,Snacks Costa Azul EIRL,2025-08-17,2025-08-20,2025-08-20,0,Sí,9183.87
OC5184,Limpieza Total Perú SAC,2025-08-10,2025-08-14,2025-08-14,0,Sí,11389.47
OC5185,Limpieza Total Perú SAC,2025-08-18,2025-08-22,2025-08-22,0,Sí,11861.96
OC5186,Limpieza Total Perú SAC,2025-08-13,2025-08-17,2025-08-17,0,Sí,4359.32
OC5187,Limpieza Total Perú SAC,2025-08-10,2025-08-14,2025-08-14,0,Sí,7780.18
OC5188,Café Selva Central SAC,2025-09-07,2025-09-12,2025-09-13,1,No,14990.28
OC5189,Café Selva Central SAC,2025-09-23,2025-09-28,2025-09-28,0,Sí,11238.31
OC5190,Café Selva Central SAC,2025-09-07,2025-09-12,2025-09-12,0,Sí,8077.4
OC5191,Café Selva Central SAC,2025-09-23,2025-09-28,2025-09-28,0,Sí,8701.43
OC5192,Agroandina del Sur SAC,2025-09-12,2025-09-18,2025-09-18,0,Sí,14982.78
OC5193,Agroandina del Sur SAC,2025-09-06,2025-09-12,2025-09-12,0,Sí,12977.46
OC5194,Agroandina del Sur SAC,2025-09-22,2025-09-28,2025-09-28,0,Sí,4008.45
OC5195,Agroandina del Sur SAC,2025-09-14,2025-09-20,2025-09-20,0,Sí,10804.44
OC5196,Agroandina del Sur SAC,2025-09-13,2025-09-19,2025-09-19,0,Sí,11030.89
OC5197,Molinos Valle Verde SA,2025-09-21,2025-09-24,2025-09-24,0,Sí,8198.35
OC5198,Molinos Valle Verde SA,2025-09-18,2025-09-21,2025-09-21,0,Sí,14970.03
OC5199,Molinos Valle Verde SA,2025-09-19,2025-09-22,2025-09-22,0,Sí,7617.88
OC5200,Molinos Valle Verde SA,2025-09-01,2025-09-04,2025-09-04,0,Sí,10870.08
OC5201,Bebidas Norte Pacífico SAC,2025-09-10,2025-09-14,2025-09-21,7,No,14093.11
OC5202,Bebidas Norte Pacífico SAC,2025-09-20,2025-09-24,2025-09-24,0,Sí,8939.27
OC5203,Bebidas Norte Pacífico SAC,2025-09-21,2025-09-25,2025-10-04,9,No,5914.78
OC5204,Bebidas Norte Pacífico SAC,2025-09-06,2025-09-10,2025-09-21,11,No,14059.97
OC5205,Snacks Costa Azul EIRL,2025-09-23,2025-09-26,2025-09-26,0,Sí,12976.14
OC5206,Snacks Costa Azul EIRL,2025-09-03,2025-09-06,2025-09-06,0,Sí,12176.36
OC5207,Snacks Costa Azul EIRL,2025-09-09,2025-09-12,2025-09-12,0,Sí,6797.84
OC5208,Snacks Costa Azul EIRL,2025-09-18,2025-09-21,2025-09-21,0,Sí,8703.46
OC5209,Limpieza Total Perú SAC,2025-09-12,2025-09-16,2025-09-16,0,Sí,7078.12
OC5210,Limpieza Total Perú SAC,2025-09-18,2025-09-22,2025-09-22,0,Sí,9885.67
OC5211,Limpieza Total Perú SAC,2025-09-17,2025-09-21,2025-09-21,0,Sí,10077.23
OC5212,Café Selva Central SAC,2025-10-13,2025-10-18,2025-10-18,0,Sí,8277.97
OC5213,Café Selva Central SAC,2025-10-18,2025-10-23,2025-10-23,0,Sí,11262.65
OC5214,Café Selva Central SAC,2025-10-12,2025-10-17,2025-10-17,0,Sí,10900.27
OC5215,Café Selva Central SAC,2025-10-03,2025-10-08,2025-10-08,0,Sí,15018.3
OC5216,Café Selva Central SAC,2025-10-18,2025-10-23,2025-10-23,0,Sí,14807.35
OC5217,Agroandina del Sur SAC,2025-10-23,2025-10-29,2025-10-29,0,Sí,5936.44
OC5218,Agroandina del Sur SAC,2025-10-23,2025-10-29,2025-10-29,0,Sí,14678.61
OC5219,Agroandina del Sur SAC,2025-10-14,2025-10-20,2025-10-20,0,Sí,13335.57
OC5220,Agroandina del Sur SAC,2025-10-05,2025-10-11,2025-10-11,0,Sí,13048.96
OC5221,Molinos Valle Verde SA,2025-10-25,2025-10-28,2025-10-28,0,Sí,14748.49
OC5222,Molinos Valle Verde SA,2025-10-09,2025-10-12,2025-10-12,0,Sí,11094.39
OC5223,Molinos Valle Verde SA,2025-10-16,2025-10-19,2025-10-19,0,Sí,6498.31
OC5224,Bebidas Norte Pacífico SAC,2025-10-20,2025-10-24,2025-10-24,0,Sí,16115.7
OC5225,Bebidas Norte Pacífico SAC,2025-10-22,2025-10-26,2025-11-02,7,No,9727.19
OC5226,Bebidas Norte Pacífico SAC,2025-10-23,2025-10-27,2025-11-09,13,No,9287.43
OC5227,Bebidas Norte Pacífico SAC,2025-10-12,2025-10-16,2025-10-27,11,No,6176.22
OC5228,Snacks Costa Azul EIRL,2025-10-16,2025-10-19,2025-10-19,0,Sí,5349.9
OC5229,Snacks Costa Azul EIRL,2025-10-25,2025-10-28,2025-10-28,0,Sí,5141.18
OC5230,Snacks Costa Azul EIRL,2025-10-05,2025-10-08,2025-10-10,2,No,16246.41
OC5231,Snacks Costa Azul EIRL,2025-10-23,2025-10-26,2025-10-26,0,Sí,11683.03
OC5232,Snacks Costa Azul EIRL,2025-10-14,2025-10-17,2025-10-17,0,Sí,14403.11
OC5233,Limpieza Total Perú SAC,2025-10-24,2025-10-28,2025-10-28,0,Sí,9009.34
OC5234,Limpieza Total Perú SAC,2025-10-13,2025-10-17,2025-10-17,0,Sí,4133.07
OC5235,Limpieza Total Perú SAC,2025-10-05,2025-10-09,2025-10-09,0,Sí,7175.52
OC5236,Limpieza Total Perú SAC,2025-10-26,2025-10-30,2025-10-30,0,Sí,11739.43
OC5237,Café Selva Central SAC,2025-11-08,2025-11-13,2025-11-13,0,Sí,15850.79
OC5238,Café Selva Central SAC,2025-11-12,2025-11-17,2025-11-17,0,Sí,14840.84
OC5239,Café Selva Central SAC,2025-11-01,2025-11-06,2025-11-06,0,Sí,13088.27
OC5240,Agroandina del Sur SAC,2025-11-11,2025-11-17,2025-11-17,0,Sí,16048.06
OC5241,Agroandina del Sur SAC,2025-11-19,2025-11-25,2025-11-25,0,Sí,11133.04
OC5242,Agroandina del Sur SAC,2025-11-13,2025-11-19,2025-11-19,0,Sí,6998.88
OC5243,Molinos Valle Verde SA,2025-11-17,2025-11-20,2025-11-20,0,Sí,7504.93
OC5244,Molinos Valle Verde SA,2025-11-09,2025-11-12,2025-11-12,0,Sí,5658.16
OC5245,Molinos Valle Verde SA,2025-11-13,2025-11-16,2025-11-16,0,Sí,15828.08
OC5246,Molinos Valle Verde SA,2025-11-05,2025-11-08,2025-11-08,0,Sí,11779.56
OC5247,Molinos Valle Verde SA,2025-11-02,2025-11-05,2025-11-05,0,Sí,7082.42
OC5248,Bebidas Norte Pacífico SAC,2025-11-12,2025-11-16,2025-11-24,8,No,4575.89
OC5249,Bebidas Norte Pacífico SAC,2025-11-08,2025-11-12,2025-11-12,0,Sí,14522.98
OC5250,Bebidas Norte Pacífico SAC,2025-11-25,2025-11-29,2025-12-06,7,No,7371.14
OC5251,Snacks Costa Azul EIRL,2025-11-13,2025-11-16,2025-11-16,0,Sí,12098.02
OC5252,Snacks Costa Azul EIRL,2025-11-25,2025-11-28,2025-11-28,0,Sí,15676.17
OC5253,Snacks Costa Azul EIRL,2025-11-03,2025-11-06,2025-11-11,5,No,16160.59
OC5254,Limpieza Total Perú SAC,2025-11-26,2025-11-30,2025-11-30,0,Sí,5760.14
OC5255,Limpieza Total Perú SAC,2025-11-14,2025-11-18,2025-11-18,0,Sí,15876.85
OC5256,Limpieza Total Perú SAC,2025-11-09,2025-11-13,2025-11-13,0,Sí,10814.57
OC5257,Limpieza Total Perú SAC,2025-11-06,2025-11-10,2025-11-10,0,Sí,12599.14
OC5258,Café Selva Central SAC,2025-12-02,2025-12-07,2025-12-07,0,Sí,16296.05
OC5259,Café Selva Central SAC,2025-12-21,2025-12-26,2025-12-26,0,Sí,17827.88
OC5260,Café Selva Central SAC,2025-12-06,2025-12-11,2025-12-11,0,Sí,20589.08
OC5261,Café Selva Central SAC,2025-12-20,2025-12-25,2025-12-25,0,Sí,12799.75
OC5262,Agroandina del Sur SAC,2025-12-22,2025-12-28,2025-12-31,3,No,11100.73
OC5263,Agroandina del Sur SAC,2025-12-08,2025-12-14,2025-12-14,0,Sí,6470.72
OC5264,Agroandina del Sur SAC,2025-12-15,2025-12-21,2025-12-21,0,Sí,17557.26
OC5265,Molinos Valle Verde SA,2025-12-12,2025-12-15,2025-12-15,0,Sí,19121.14
OC5266,Molinos Valle Verde SA,2025-12-15,2025-12-18,2025-12-18,0,Sí,9797.14
OC5267,Molinos Valle Verde SA,2025-12-09,2025-12-12,2025-12-12,0,Sí,7065.59
OC5268,Bebidas Norte Pacífico SAC,2025-12-07,2025-12-11,2025-12-11,0,Sí,19797.63
OC5269,Bebidas Norte Pacífico SAC,2025-12-10,2025-12-14,2025-12-24,10,No,18992.2
OC5270,Bebidas Norte Pacífico SAC,2025-12-16,2025-12-20,2025-12-20,0,Sí,14610.1
OC5271,Bebidas Norte Pacífico SAC,2025-12-24,2025-12-28,2026-01-05,8,No,17098.02
OC5272,Snacks Costa Azul EIRL,2025-12-10,2025-12-13,2025-12-13,0,Sí,16976.33
OC5273,Snacks Costa Azul EIRL,2025-12-01,2025-12-04,2025-12-04,0,Sí,8313.27
OC5274,Snacks Costa Azul EIRL,2025-12-11,2025-12-14,2025-12-14,0,Sí,12753.97
OC5275,Snacks Costa Azul EIRL,2025-12-02,2025-12-05,2025-12-05,0,Sí,6773.52
OC5276,Snacks Costa Azul EIRL,2025-12-02,2025-12-05,2025-12-05,0,Sí,9802.31
OC5277,Limpieza Total Perú SAC,2025-12-20,2025-12-24,2025-12-24,0,Sí,18455.13
OC5278,Limpieza Total Perú SAC,2025-12-10,2025-12-14,2025-12-14,0,Sí,6643.44
OC5279,Limpieza Total Perú SAC,2025-12-12,2025-12-16,2025-12-16,0,Sí,20894.46
OC5280,Limpieza Total Perú SAC,2025-12-05,2025-12-09,2025-12-09,0,Sí,20312.73
OC5281,Limpieza Total Perú SAC,2025-12-18,2025-12-22,2025-12-23,1,No,13144.73
